treatment,coefficient,tstat,pvalue,n
skew_25d,-0.005805491466496977,-1.3332504434986283,0.18244963049021035,220031.0
