strategy,eta,n_months,avg_n_names,gross_ann_mean,gross_sharpe,net_ann_mean,net_sharpe,avg_turnover,avg_cost,p95_participation,ff5_umd_net_alpha,ff5_umd_net_alpha_t,alpha_n,spread_d10_d1,decile_spearman,holdout_start,holdout_end
raw_tail_slope_reversal_skip1_quarterly_smooth3,0.1,154,300.8258064516129,0.01619481291788048,0.3405102413443436,0.015074635375936202,0.31699567490974484,0.1922094914140237,9.334812849535646e-05,0.0019375487365510024,0.0017734285778221157,1.1534745827466857,154.0,,,2013-01,2025-12
raw_tail_slope_reversal_quarterly_smooth3,0.1,155,300.8258064516129,0.015669887648457052,0.3182153468685297,0.01438197833930611,0.2916061955475084,0.20034844482253059,0.00010732577576257895,0.0019893198694124472,0.001537836177417943,0.9292204867311828,155.0,0.05121129129121564,0.7939393939393938,2013-01,2025-12
raw_tail_composite_reversal_quarterly_smooth3,0.1,154,300.8258064516129,0.011042489701804652,0.2260033311590549,0.009811663154849302,0.20041109032933238,0.2345253070018108,0.0001025688789129458,0.0017274974753048239,0.0010602303829847497,0.9810689006014002,154.0,0.05285286030014427,0.8303030303030302,2013-01,2025-12
resid_tail_composite_reversal_quarterly_smooth3,0.1,155,300.8258064516129,0.0033097732928603248,0.09641041526824476,0.001962422692465648,0.05696836951722762,0.26028492221725297,0.00011227921669955653,0.0014973023718404665,0.00031835079260609763,0.427029107467556,155.0,-0.006599101559059739,-0.33333333333333326,2013-01,2025-12
resid_tail_slope_reversal_skip1_quarterly_smooth3,0.1,154,300.8258064516129,-0.0050416764487633825,-0.12445447684385089,-0.0065383865417133905,-0.1612043089327911,0.23453168113835982,0.0001247258410791674,0.00204618264791103,-0.0005697404285732963,-0.570104297064016,154.0,,,2013-01,2025-12
resid_tail_slope_reversal_quarterly_smooth3,0.1,155,300.8258064516129,-0.00938410219623224,-0.2292095609144229,-0.011004268113759274,-0.26909726920631044,0.24415125520437544,0.00013501382646058597,0.002136484571039258,-0.0010401433079213253,-1.0190679549539923,155.0,-0.035864508572241244,-0.6848484848484848,2013-01,2025-12
